1111101000;2022;04;07;11AM;15;43;;2022;04;07;11AM;15;43;;6131526.105;6916141.79;Yes;CL1;SPS;12.855;275.523;CP1;Antihydrogon;647
1111101000;2022;04;07;11AM;15;43;;2022;04;07;11AM;15;43;;5415573.592;8033104.151;Yes;CL2;LHC;127.555;316.188;CL1;Gluon;316
1111101000;2022;04;07;11AM;15;43;;2022;04;07;11AM;15;43;;7861008.726;4817346.515;Yes;CS2;SPS;52.253;106.3;CP1;Electron-neutrino;189
1111101000;2022;04;07;11AM;15;43;;2022;04;07;11AM;15;43;;1157625.123;4520696.2;No;CS2;SPS;168.823;115.683;CP1;W-Boson;190
1111101001;2022;04;07;11AM;15;43;;2022;04;07;11AM;15;43;;5329621.129;2580872.496;No;CL2;PS;75.81;122.175;CL1;Pentaquark;674
1111101001;2022;04;07;11AM;15;43;;2022;04;07;11AM;15;43;;5953482.192;3768133.421;No;CL1;SPS;8.451;210.171;CL1;Preons;716
1111101001;2022;04;07;11AM;15;43;;2022;04;07;11AM;15;43;;5931923.067;5282018.333;No;CL3;SPS;165.581;285.16;CL1;Muon-neutrino;782
1111101001;2022;04;07;11AM;15;43;;2022;04;07;11AM;15;43;;5417737.646;4455038.048;Yes;CL2;SPS;133.701;223.456;CS1;Baryon;782
1111101010;2022;04;07;11AM;15;43;;2022;04;07;11AM;15;43;;7405858.909;4766797.469;No;CP1;LHC;121.216;232.263;CL1;Z-Boson;688
1111101010;2022;04;07;11AM;15;43;;2022;04;07;11AM;15;43;;4103813.2;572002.702;Yes;CL3;LHC;110.139;80.639;CS2;Gluon;746
1111101010;2022;04;07;11AM;15;43;;2022;04;07;11AM;15;43;;6343855.905;4034808.421;Yes;CS1;SPS;98.162;213.659;CL1;Lepton;309
1111101010;2022;04;07;11AM;15;43;;2022;04;07;11AM;15;43;;2316715.58;4151573.499;No;CP1;SPS;44.7;296.675;CS1;Preons;458
1111101011;2022;04;07;11AM;15;43;;2022;04;07;11AM;15;43;;1890141.331;4934286.236;Yes;CS1;SPS;73.549;99.679;CS2;Electron-neutrino;174
1111101011;2022;04;07;11AM;15;43;;2022;04;07;11AM;15;43;;2010543.549;2652490.951;No;CP1;PS;180.566;224.664;CP1;Gluon;36
1111101011;2022;04;07;11AM;15;43;;2022;04;07;11AM;15;43;;5886805.384;1808952.66;Yes;CL2;SPS;165.811;159.31;CL2;Baryon;528
1111101011;2022;04;07;11AM;15;43;;2022;04;07;11AM;15;43;;1600515.785;219604.076;Yes;CL3;SPS;3.619;131.102;CS2;Quarkonium;702
1111101100;2022;04;07;11AM;15;43;;2022;04;07;11AM;15;43;;8102808.244;1199552.162;Yes;CL1;LHC;173.487;310.276;CS1;Antihydrogon;880
1111101100;2022;04;07;11AM;15;43;;2022;04;07;11AM;15;43;;1664201.472;1970851.738;Yes;CL1;PS;169.889;231.708;CL1;Lepton;39
1111101100;2022;04;07;11AM;15;43;;2022;04;07;11AM;15;43;;2810001.435;7845811.093;Yes;CL2;SPS;154.293;113.304;CP1;Z-Boson;532
1111101100;2022;04;07;11AM;15;43;;2022;04;07;11AM;15;43;;7815469.829;7785272.248;Yes;CL5;SPS;12.585;191.608;CL2;Diquark;550
1111101101;2022;04;07;11AM;15;43;;2022;04;07;11AM;15;43;;4712584.971;2326480.458;Yes;CL3;LHC;7.213;146.664;CP1;Photon;623
1111101101;2022;04;07;11AM;15;43;;2022;04;07;11AM;15;43;;4941812.714;6945063.463;Yes;CS1;SPS;144.475;233.143;CP1;Muon-neutrino;409
1111101101;2022;04;07;11AM;15;43;;2022;04;07;11AM;15;43;;3050460.687;3772137.097;Yes;CS2;SPS;157.606;151.864;CL2;Muon-neutrino;830
1111101101;2022;04;07;11AM;15;43;;2022;04;07;11AM;15;43;;3073243.13;2196660.337;No;CS2;PS;142.657;149.224;CP1;Meson;100
1111101110;2022;04;07;11AM;15;43;;2022;04;07;11AM;15;43;;5825102.362;7520059.704;Yes;CP1;PS;35.647;268.985;CS1;Antihydrogon;570
1111101110;2022;04;07;11AM;15;43;;2022;04;07;11AM;15;43;;3526176.237;1109852.961;Yes;CL2;LHC;196.655;216.9;CS2;Graviton;976
1111101110;2022;04;07;11AM;15;43;;2022;04;07;11AM;15;43;;683978.166;8383014.042;No;CP1;LHC;8.214;241.709;CL2;Antihydrogon;237
1111101110;2022;04;07;11AM;15;43;;2022;04;07;11AM;15;43;;8544995.202;3320960.209;No;CL3;LHC;0.72;118.287;CS1;Pentaquark;654
1111101111;2022;04;07;11AM;15;43;;2022;04;07;11AM;15;43;;4011365.977;8546471.375;No;CL3;PS;1.77;163.749;CS2;Quarkonium;532
1111101111;2022;04;07;11AM;15;43;;2022;04;07;11AM;15;43;;8488305.182;4639145.15;Yes;CL1;PS;92.994;283.52;CS2;Z-Boson;236
1111101111;2022;04;07;11AM;15;43;;2022;04;07;11AM;15;43;;7963788.578;2708991.161;No;CP1;PS;58.724;298.931;CS2;Z-Boson;131
1111101111;2022;04;07;11AM;15;43;;2022;04;07;11AM;15;43;;8552436.162;2040761.5;No;CS1;PS;71.913;125.218;CS1;Pentaquark;950
1111110000;2022;04;07;11AM;15;43;;2022;04;07;11AM;15;43;;4347667.881;4753921.728;Yes;CL1;SPS;62.748;80.619;CP1;Photon;256
1111110000;2022;04;07;11AM;15;43;;2022;04;07;11AM;15;43;;7094024.346;3492640.181;No;CL3;SPS;89.528;218.41;CP1;Lepton;402
1111110000;2022;04;07;11AM;15;43;;2022;04;07;11AM;15;43;;1811639.73;5822047.573;Yes;CL1;LHC;84.817;123.382;CL1;Electron-neutrino;167
1111110000;2022;04;07;11AM;15;43;;2022;04;07;11AM;15;43;;8488841.312;6423830.068;No;CL1;SPS;89.283;285.519;CP1;Muon-neutrino;798
1111110001;2022;04;07;11AM;15;43;;2022;04;07;11AM;15;43;;2374014.123;2660288.705;Yes;CS2;SPS;139.556;171.409;CL2;Lepton;5
1111110001;2022;04;07;11AM;15;43;;2022;04;07;11AM;15;43;;3360489.331;6266398.47;Yes;CS2;LHC;93.478;264.038;CS1;Z-Boson;154
1111110001;2022;04;07;11AM;15;43;;2022;04;07;11AM;15;43;;6261460.994;7710168.399;Yes;CP1;SPS;92.401;298.725;CL2;Muon-neutrino;33
1111110001;2022;04;07;11AM;15;43;;2022;04;07;11AM;15;43;;3931810.197;3779865.256;Yes;CS1;SPS;60.409;116.011;CL2;Preons;558
1111110010;2022;04;07;11AM;15;43;;2022;04;07;11AM;15;43;;5046527.19;6884152.207;Yes;CL1;PS;145.717;298.447;CS2;Lepton;10
1111110010;2022;04;07;11AM;15;43;;2022;04;07;11AM;15;43;;7786508.763;636517.402;No;CS1;SPS;86.902;142.027;CP1;Antihydrogon;422
1111110010;2022;04;07;11AM;15;43;;2022;04;07;11AM;15;43;;1024831.177;8035636.083;No;CS2;LHC;90.331;176.582;CS1;Graviton;964
1111110010;2022;04;07;11AM;15;43;;2022;04;07;11AM;15;43;;628051.224;3556112.351;No;CL2;PS;188.574;303.121;CS1;Z-Boson;181
1111110011;2022;04;07;11AM;15;43;;2022;04;07;11AM;15;43;;5470573.376;5099108.987;Yes;CP1;LHC;72.704;228.039;CP1;Preons;482
1111110011;2022;04;07;11AM;15;43;;2022;04;07;11AM;15;43;;2793162.547;33885.347;Yes;CS1;SPS;100.41;193.649;CP1;Quarkonium;328
1111110011;2022;04;07;11AM;15;43;;2022;04;07;11AM;15;43;;3934259.274;4144886.11;Yes;CS2;PS;159.825;113.527;CL1;Quarkonium;241
1111110011;2022;04;07;11AM;15;43;;2022;04;07;11AM;15;43;;66665.348;1241742.676;No;CP1;PS;168.507;176.421;CP1;Gluon;39
1111110100;2022;04;07;11AM;15;43;;2022;04;07;11AM;15;43;;2615905.172;8503803.029;Yes;CL3;PS;16.349;262.657;CL2;Quarkonium;965
1111110100;2022;04;07;11AM;15;43;;2022;04;07;11AM;15;43;;259896.004;7016890.534;Yes;CS1;PS;61.517;84.813;CS1;Tau-neutrino;616
1111110100;2022;04;07;11AM;15;43;;2022;04;07;11AM;15;43;;1327691.221;6654943.007;Yes;CP1;PS;95.421;125.581;CL2;Pentaquark;575
1111110100;2022;04;07;11AM;15;43;;2022;04;07;11AM;15;43;;5627276.904;6778500.26;Yes;CL3;LHC;116.894;140.967;CL1;Quarkonium;82
1111110101;2022;04;07;11AM;15;43;;2022;04;07;11AM;15;43;;1986213.363;5537850.595;No;CL2;LHC;176.212;154.7;CS2;Diquark;956
1111110101;2022;04;07;11AM;15;43;;2022;04;07;11AM;15;43;;8554920.39;5269737.475;Yes;CP1;PS;16.106;189.79;CL2;Photon;102
1111110101;2022;04;07;11AM;15;43;;2022;04;07;11AM;15;43;;3938500.719;7997145.984;Yes;CS2;LHC;31.124;84.756;CP1;Antihydrogon;241
1111110101;2022;04;07;11AM;15;43;;2022;04;07;11AM;15;43;;3412619.477;233981.414;No;CL1;LHC;164.759;185.547;CP1;Meson;595
1111110110;2022;04;07;11AM;15;43;;2022;04;07;11AM;15;43;;300681.298;493853.491;Yes;CL3;PS;80.561;89.42;CS1;Electron-neutrino;531
1111110110;2022;04;07;11AM;15;43;;2022;04;07;11AM;15;43;;1620866.373;1209135.598;Yes;CP1;LHC;139.558;81.768;CS2;Lepton;227
1111110110;2022;04;07;11AM;15;43;;2022;04;07;11AM;15;43;;3583715.623;3068662.425;No;CL1;PS;81.203;270.677;CL1;Z-Boson;804
1111110110;2022;04;07;11AM;15;43;;2022;04;07;11AM;15;43;;1846486.282;8576391.863;No;CP1;PS;45.366;112.967;CP1;Pentaquark;138
1111110111;2022;04;07;11AM;15;43;;2022;04;07;11AM;15;43;;3666751.592;2054045.548;Yes;CL5;PS;116.341;273.332;CL2;Quarkonium;414
1111110111;2022;04;07;11AM;15;43;;2022;04;07;11AM;15;43;;4227922.359;3910291.371;No;CP1;LHC;182.846;209.997;CS2;Tau-neutrino;46
1111110111;2022;04;07;11AM;15;43;;2022;04;07;11AM;15;43;;1772355.04;6800333.359;No;CL1;PS;185.229;97.977;CL1;Tau-neutrino;406
1111110111;2022;04;07;11AM;15;43;;2022;04;07;11AM;15;43;;1008947.439;4475135.766;No;CL5;LHC;29.532;167.583;CL2;Graviton;894
1111111000;2022;04;07;11AM;15;43;;2022;04;07;11AM;15;43;;4065094.853;3181175.322;Yes;CL3;SPS;150.514;282.831;CS2;Tau-neutrino;740
1111111000;2022;04;07;11AM;15;43;;2022;04;07;11AM;15;43;;4564803.817;6220685.581;No;CL3;LHC;166.907;309.745;CL1;Tau-neutrino;581
1111111000;2022;04;07;11AM;15;43;;2022;04;07;11AM;15;43;;4540306.135;1907221.514;No;CL3;SPS;125.742;296.702;CL2;Muon-neutrino;806
1111111000;2022;04;07;11AM;15;43;;2022;04;07;11AM;15;43;;6114293.696;2777586.0;Yes;CL1;SPS;130.104;272.04;CP1;Lepton;225
1111111001;2022;04;07;11AM;15;43;;2022;04;07;11AM;15;43;;6307692.647;4638015.186;Yes;CL3;SPS;8.876;112.494;CL2;Electron-neutrino;407
1111111001;2022;04;07;11AM;15;43;;2022;04;07;11AM;15;43;;4666925.097;8386230.522;Yes;CP1;LHC;31.064;84.298;CS1;Z-Boson;38
1111111001;2022;04;07;11AM;15;43;;2022;04;07;11AM;15;43;;6393235.408;4677956.92;Yes;CS1;PS;49.63;103.257;CL2;Lepton;750
1111111001;2022;04;07;11AM;15;43;;2022;04;07;11AM;15;43;;5790832.169;8277301.697;No;CS2;SPS;35.872;109.03;CL1;Gluon;233
1111111010;2022;04;07;11AM;15;43;;2022;04;07;11AM;15;43;;2715504.62;5578308.219;Yes;CL2;LHC;20.183;92.409;CS2;Gluon;886
1111111010;2022;04;07;11AM;15;43;;2022;04;07;11AM;15;43;;1453920.952;6289919.184;Yes;CS2;PS;111.869;145.75;CS2;Diquark;576
1111111010;2022;04;07;11AM;15;43;;2022;04;07;11AM;15;43;;6934222.483;8696475.138;No;CL1;SPS;110.108;296.394;CS2;Pentaquark;898
1111111010;2022;04;07;11AM;15;43;;2022;04;07;11AM;15;43;;5772250.641;7938416.447;Yes;CS2;LHC;191.101;155.816;CS1;Preons;888
1111111011;2022;04;07;11AM;15;43;;2022;04;07;11AM;15;43;;1276870.528;6618474.934;No;CS2;LHC;100.184;115.194;CL2;Pentaquark;816
1111111011;2022;04;07;11AM;15;43;;2022;04;07;11AM;15;43;;2118622.634;5228151.038;Yes;CL2;LHC;48.485;240.884;CS2;Meson;145
1111111011;2022;04;07;11AM;15;43;;2022;04;07;11AM;15;43;;3579785.949;5441201.378;Yes;CL1;SPS;183.094;202.472;CP1;Muon-neutrino;894
1111111011;2022;04;07;11AM;15;43;;2022;04;07;11AM;15;43;;7487535.288;4039734.315;No;CL2;SPS;195.512;172.397;CS2;Lepton;175
1111111100;2022;04;07;11AM;15;43;;2022;04;07;11AM;15;43;;330812.236;6281277.033;No;CL2;LHC;30.985;239.45;CS2;Pentaquark;419
1111111100;2022;04;07;11AM;15;43;;2022;04;07;11AM;15;43;;6860252.826;1264291.529;No;CS1;PS;39.534;281.143;CL1;Tau-neutrino;733
1111111100;2022;04;07;11AM;15;43;;2022;04;07;11AM;15;43;;5785571.364;8493387.847;Yes;CL3;SPS;130.848;163.756;CL1;Z-Boson;841
1111111100;2022;04;07;11AM;15;43;;2022;04;07;11AM;15;43;;1309182.194;6653663.094;Yes;CL3;LHC;168.43;251.203;CS1;Gluon;275
1111111101;2022;04;07;11AM;15;43;;2022;04;07;11AM;15;43;;8147627.598;6446998.035;Yes;CS2;SPS;197.61;121.134;CP1;Lepton;147
1111111101;2022;04;07;11AM;15;43;;2022;04;07;11AM;15;43;;7260915.453;6418070.061;No;CS1;LHC;44.057;141.231;CS2;Baryon;794
1111111101;2022;04;07;11AM;15;43;;2022;04;07;11AM;15;43;;7439000.462;4177650.342;Yes;CL3;SPS;127.421;304.648;CL2;Quarkonium;833
1111111101;2022;04;07;11AM;15;43;;2022;04;07;11AM;15;43;;3456835.43;2564905.876;No;CL5;PS;192.555;190.252;CL1;Pentaquark;691
1111111110;2022;04;07;11AM;15;43;;2022;04;07;11AM;15;43;;5356979.244;3117521.888;No;CL1;PS;127.294;287.375;CP1;Pentaquark;564
1111111110;2022;04;07;11AM;15;43;;2022;04;07;11AM;15;43;;1171213.494;4499264.28;Yes;CS2;PS;66.496;284.119;CP1;Antihydrogon;818
1111111110;2022;04;07;11AM;15;43;;2022;04;07;11AM;15;43;;8591750.81;7179214.446;Yes;CL1;LHC;98.922;231.442;CP1;Z-Boson;488
1111111110;2022;04;07;11AM;15;43;;2022;04;07;11AM;15;43;;1278463.049;3304743.687;No;CP1;LHC;198.216;166.338;CP1;Antihydrogon;736
1111111111;2022;04;07;11AM;15;43;;2022;04;07;11AM;15;43;;4535160.424;5928682.34;No;CL2;LHC;60.93;82.02;CL1;Diquark;494
1111111111;2022;04;07;11AM;15;43;;2022;04;07;11AM;15;43;;3711888.713;2491300.845;Yes;CL2;LHC;21.675;86.54;CL1;Muon-neutrino;933
1111111111;2022;04;07;11AM;15;43;;2022;04;07;11AM;15;43;;7144253.139;5499290.45;Yes;CS1;SPS;60.472;308.409;CS2;Muon-neutrino;592
1111111111;2022;04;07;11AM;15;43;;2022;04;07;11AM;15;43;;8098989.879;1952433.191;Yes;CL2;PS;7.311;271.753;CL1;Z-Boson;78
10000000000;2022;04;07;11AM;15;43;;2022;04;07;11AM;15;43;;2524966.346;3611012.362;No;CL2;SPS;47.99;192.572;CS1;Lepton;582
10000000000;2022;04;07;11AM;15;43;;2022;04;07;11AM;15;43;;1563735.662;1339500.112;No;CL3;LHC;169.426;113.827;CP1;Muon-neutrino;264
10000000000;2022;04;07;11AM;15;43;;2022;04;07;11AM;15;43;;7931643.739;5664739.661;Yes;CL3;PS;40.875;257.746;CS1;Graviton;631
10000000000;2022;04;07;11AM;15;43;;2022;04;07;11AM;15;43;;7047266.242;7087570.972;Yes;CS1;PS;71.742;233.507;CL2;Meson;510
10000000001;2022;04;07;11AM;15;43;;2022;04;07;11AM;15;43;;8010090.406;6874299.296;Yes;CL3;LHC;51.493;176.592;CL2;Photon;447
10000000001;2022;04;07;11AM;15;43;;2022;04;07;11AM;15;43;;935260.616;1615937.531;No;CL1;LHC;89.498;285.752;CL2;Meson;786
10000000001;2022;04;07;11AM;15;43;;2022;04;07;11AM;15;43;;8455031.164;6098638.982;No;CS1;PS;31.503;224.015;CL1;Diquark;330
10000000001;2022;04;07;11AM;15;43;;2022;04;07;11AM;15;43;;2333853.463;4995469.086;Yes;CP1;LHC;90.45;305.595;CL2;Quarkonium;415
10000000010;2022;04;07;11AM;15;43;;2022;04;07;11AM;15;43;;5365605.674;7178871.809;Yes;CS2;SPS;4.219;215.468;CL2;Z-Boson;474
10000000010;2022;04;07;11AM;15;43;;2022;04;07;11AM;15;43;;2188788.283;4904242.463;No;CL2;LHC;159.155;220.255;CP1;Quarkonium;294
10000000010;2022;04;07;11AM;15;43;;2022;04;07;11AM;15;43;;8542781.673;7505706.309;Yes;CL1;LHC;41.648;220.125;CL2;Meson;904
10000000010;2022;04;07;11AM;15;43;;2022;04;07;11AM;15;43;;8128266.84;2441571.091;No;CS1;PS;96.657;156.534;CS1;Electron-neutrino;967
10000000011;2022;04;07;11AM;15;43;;2022;04;07;11AM;15;43;;1114184.472;575311.895;No;CL5;SPS;39.141;202.404;CL1;Antihydrogon;534
10000000011;2022;04;07;11AM;15;43;;2022;04;07;11AM;15;43;;3012115.668;8750497.64;No;CP1;SPS;103.232;203.934;CS2;Gluon;788
10000000011;2022;04;07;11AM;15;43;;2022;04;07;11AM;15;43;;4441324.108;6710778.618;Yes;CL5;PS;82.845;180.831;CP1;Gluon;288
10000000011;2022;04;07;11AM;15;43;;2022;04;07;11AM;15;43;;1410573.242;3628222.495;Yes;CL2;PS;13.589;280.389;CS1;Electron-neutrino;475
10000000100;2022;04;07;11AM;15;43;;2022;04;07;11AM;15;43;;6181272.268;1401121.74;No;CL1;SPS;196.725;233.444;CS2;Muon-neutrino;816
10000000100;2022;04;07;11AM;15;43;;2022;04;07;11AM;15;43;;6201931.894;267793.743;Yes;CL5;PS;61.983;209.307;CL1;Diquark;408
10000000100;2022;04;07;11AM;15;43;;2022;04;07;11AM;15;43;;2352570.222;2169136.814;Yes;CP1;LHC;95.575;142.933;CS2;Photon;130
10000000100;2022;04;07;11AM;15;43;;2022;04;07;11AM;15;43;;7996192.315;4370849.805;No;CS1;LHC;96.301;268.839;CS1;Meson;586
10000000101;2022;04;07;11AM;15;43;;2022;04;07;11AM;15;43;;1181726.336;2757296.124;No;CL1;PS;24.116;93.331;CL2;Z-Boson;82
10000000101;2022;04;07;11AM;15;43;;2022;04;07;11AM;15;43;;7128370.345;3016705.953;No;CS1;SPS;117.394;225.393;CP1;Gluon;959
10000000101;2022;04;07;11AM;15;43;;2022;04;07;11AM;15;43;;1345024.211;6151648.328;No;CL1;SPS;127.207;160.919;CL1;Electron-neutrino;918
10000000101;2022;04;07;11AM;15;43;;2022;04;07;11AM;15;43;;8389712.034;2763144.613;No;CL2;PS;84.037;131.908;CS1;Pentaquark;747
10000000110;2022;04;07;11AM;15;43;;2022;04;07;11AM;15;43;;5261849.105;2106549.903;No;CS1;SPS;96.143;119.627;CL1;Electron-neutrino;481
10000000110;2022;04;07;11AM;15;43;;2022;04;07;11AM;15;43;;4169671.057;536227.255;No;CL2;PS;13.37;191.965;CS2;Lepton;38
10000000110;2022;04;07;11AM;15;43;;2022;04;07;11AM;15;43;;6729823.363;2336177.341;Yes;CL3;LHC;137.139;268.286;CL2;Muon-neutrino;603
10000000110;2022;04;07;11AM;15;43;;2022;04;07;11AM;15;43;;5010330.507;7162660.531;No;CP1;LHC;155.841;304.328;CL2;Meson;176
10000000111;2022;04;07;11AM;15;43;;2022;04;07;11AM;15;43;;2289379.546;8807039.309;No;CL1;SPS;121.339;202.675;CL2;Z-Boson;421
10000000111;2022;04;07;11AM;15;43;;2022;04;07;11AM;15;43;;4239544.178;6884553.3;No;CS1;LHC;195.158;231.941;CS2;W-Boson;784
10000000111;2022;04;07;11AM;15;43;;2022;04;07;11AM;15;43;;7870890.626;2540946.631;No;CL2;LHC;56.551;99.357;CP1;Quarkonium;777
10000000111;2022;04;07;11AM;15;43;;2022;04;07;11AM;15;43;;6565905.699;1212597.67;No;CL3;LHC;83.016;265.415;CL2;Antihydrogon;199
10000001000;2022;04;07;11AM;15;43;;2022;04;07;11AM;15;43;;148481.062;2305008.805;No;CL5;PS;78.997;183.914;CL1;Gluon;756
10000001000;2022;04;07;11AM;15;43;;2022;04;07;11AM;15;43;;5605007.631;7799111.732;Yes;CL3;LHC;45.583;237.259;CL2;Z-Boson;38
10000001000;2022;04;07;11AM;15;43;;2022;04;07;11AM;15;43;;618789.202;6905241.799;No;CP1;LHC;196.966;198.317;CL2;Graviton;829
10000001000;2022;04;07;11AM;15;43;;2022;04;07;11AM;15;43;;8660134.233;8042959.422;Yes;CL3;PS;115.859;119.805;CS2;Gluon;683
10000001001;2022;04;07;11AM;15;43;;2022;04;07;11AM;15;43;;2814885.585;4872337.53;No;CL1;LHC;114.043;138.186;CL1;Tau-neutrino;624
10000001001;2022;04;07;11AM;15;43;;2022;04;07;11AM;15;43;;1371420.322;44231.201;No;CL3;SPS;1.863;173.655;CL1;Tau-neutrino;351
10000001001;2022;04;07;11AM;15;43;;2022;04;07;11AM;15;43;;8215953.619;3890894.07;No;CL5;SPS;177.517;152.613;CL2;Baryon;935
10000001001;2022;04;07;11AM;15;43;;2022;04;07;11AM;15;43;;7692247.292;8730648.536;No;CL3;SPS;166.867;254.908;CS2;Z-Boson;520
10000001010;2022;04;07;11AM;15;43;;2022;04;07;11AM;15;43;;8694148.679;3963538.075;No;CL5;SPS;190.104;134.743;CL2;Muon-neutrino;194
10000001010;2022;04;07;11AM;15;43;;2022;04;07;11AM;15;43;;5180695.73;8135077.196;No;CL5;PS;13.38;223.088;CP1;Baryon;631
10000001010;2022;04;07;11AM;15;43;;2022;04;07;11AM;15;43;;5383667.829;4566759.593;Yes;CL5;PS;144.327;179.943;CS1;Lepton;149
10000001010;2022;04;07;11AM;15;43;;2022;04;07;11AM;15;43;;5373668.57;1877083.095;Yes;CS2;SPS;49.523;320.066;CL2;Graviton;165
10000001011;2022;04;07;11AM;15;43;;2022;04;07;11AM;15;43;;2934808.85;7433821.064;No;CL1;SPS;189.747;202.758;CL2;Z-Boson;747
10000001011;2022;04;07;11AM;15;43;;2022;04;07;11AM;15;43;;6095966.831;915691.892;Yes;CL1;SPS;189.851;237.48;CS2;Pentaquark;317
10000001011;2022;04;07;11AM;15;43;;2022;04;07;11AM;15;43;;8228221.192;1662975.625;Yes;CL2;LHC;126.49;140.835;CP1;Z-Boson;770
10000001011;2022;04;07;11AM;15;43;;2022;04;07;11AM;15;43;;3927764.544;6277711.958;Yes;CP1;SPS;22.194;303.904;CS2;Graviton;695
10000001100;2022;04;07;11AM;15;43;;2022;04;07;11AM;15;43;;8311025.951;6204485.823;No;CL3;SPS;168.203;161.724;CL2;Antihydrogon;832
10000001100;2022;04;07;11AM;15;43;;2022;04;07;11AM;15;43;;6693078.104;5188733.958;No;CS1;PS;20.171;137.459;CP1;Photon;496
10000001100;2022;04;07;11AM;15;43;;2022;04;07;11AM;15;43;;186318.749;5494436.134;Yes;CS1;PS;23.898;134.0;CP1;Lepton;371
10000001100;2022;04;07;11AM;15;43;;2022;04;07;11AM;15;43;;2771018.385;6293659.328;No;CL1;LHC;135.229;295.84;CS1;Muon-neutrino;592
10000001101;2022;04;07;11AM;15;43;;2022;04;07;11AM;15;43;;558125.778;4722064.593;Yes;CS2;PS;129.453;300.415;CL1;Electron-neutrino;970
10000001101;2022;04;07;11AM;15;43;;2022;04;07;11AM;15;43;;7589624.293;7261634.979;No;CL3;LHC;65.853;183.87;CS1;Lepton;915
10000001101;2022;04;07;11AM;15;43;;2022;04;07;11AM;15;43;;2849744.447;8556078.307;Yes;CL2;PS;56.723;184.534;CS2;Gluon;52
10000001101;2022;04;07;11AM;15;43;;2022;04;07;11AM;15;43;;1231735.804;3664971.402;No;CP1;LHC;85.274;131.053;CP1;Baryon;242
10000001110;2022;04;07;11AM;15;43;;2022;04;07;11AM;15;43;;7918426.412;3279744.686;Yes;CS2;PS;159.348;193.772;CL2;Graviton;859
10000001110;2022;04;07;11AM;15;43;;2022;04;07;11AM;15;43;;3317975.906;7280389.144;Yes;CS2;LHC;160.435;121.655;CP1;Baryon;6
10000001110;2022;04;07;11AM;15;43;;2022;04;07;11AM;15;43;;5365910.042;3916578.411;No;CS1;PS;158.338;153.919;CL2;Graviton;343
10000001110;2022;04;07;11AM;15;43;;2022;04;07;11AM;15;43;;628852.876;6742992.143;No;CL5;PS;117.816;159.366;CP1;Photon;853
10000001111;2022;04;07;11AM;15;43;;2022;04;07;11AM;15;43;;3977096.346;3002614.809;No;CL1;LHC;166.305;312.231;CS1;Meson;143
10000001111;2022;04;07;11AM;15;43;;2022;04;07;11AM;15;43;;7573086.707;6758086.68;No;CL3;PS;119.171;258.848;CL2;Z-Boson;836
10000001111;2022;04;07;11AM;15;43;;2022;04;07;11AM;15;43;;5272948.217;7426030.099;Yes;CL2;PS;84.463;188.884;CP1;Z-Boson;396
10000001111;2022;04;07;11AM;15;43;;2022;04;07;11AM;15;43;;6182995.756;5642078.829;Yes;CS1;PS;91.26;93.464;CP1;Lepton;740
10000010000;2022;04;07;11AM;15;43;;2022;04;07;11AM;15;43;;1730236.729;5252479.409;No;CS2;SPS;49.467;212.363;CL1;Preons;920
10000010000;2022;04;07;11AM;15;43;;2022;04;07;11AM;15;43;;1908779.489;7956999.731;Yes;CS2;SPS;92.299;110.156;CL2;Pentaquark;493
10000010000;2022;04;07;11AM;15;43;;2022;04;07;11AM;15;43;;7802724.304;7924171.248;Yes;CL3;LHC;98.339;122.255;CP1;Meson;981
10000010000;2022;04;07;11AM;15;43;;2022;04;07;11AM;15;43;;1724850.397;8508504.429;No;CL2;SPS;158.314;164.72;CL1;Photon;200
10000010001;2022;04;07;11AM;15;43;;2022;04;07;11AM;15;43;;6208914.68;4121035.998;No;CL3;PS;31.186;274.565;CS2;Tau-neutrino;873
10000010001;2022;04;07;11AM;15;43;;2022;04;07;11AM;15;43;;8543345.648;607710.978;Yes;CL3;SPS;181.007;159.496;CL1;Antihydrogon;285
10000010001;2022;04;07;11AM;15;43;;2022;04;07;11AM;15;43;;463097.825;1292305.431;No;CL5;PS;124.264;118.995;CS2;Muon-neutrino;440
10000010001;2022;04;07;11AM;15;43;;2022;04;07;11AM;15;43;;4775723.465;8287610.969;Yes;CL2;LHC;71.208;121.039;CS1;Z-Boson;135
10000010010;2022;04;07;11AM;15;43;;2022;04;07;11AM;15;43;;3133404.329;8092131.147;Yes;CL3;SPS;140.169;256.761;CP1;Meson;986
10000010010;2022;04;07;11AM;15;43;;2022;04;07;11AM;15;43;;2396963.999;5229051.245;Yes;CL3;PS;163.854;320.605;CL2;Lepton;542
10000010010;2022;04;07;11AM;15;43;;2022;04;07;11AM;15;43;;7867050.252;2545096.01;No;CL3;PS;73.675;227.477;CS1;Graviton;178
10000010010;2022;04;07;11AM;15;43;;2022;04;07;11AM;15;43;;1563485.558;6446483.803;No;CS2;PS;83.136;163.074;CS2;Quarkonium;362
10000010011;2022;04;07;11AM;15;43;;2022;04;07;11AM;15;43;;5753641.468;8206093.429;Yes;CP1;PS;187.664;304.163;CS2;Lepton;329
10000010011;2022;04;07;11AM;15;43;;2022;04;07;11AM;15;43;;2656102.342;8391242.864;Yes;CP1;SPS;126.878;311.223;CL2;Baryon;34
10000010011;2022;04;07;11AM;15;43;;2022;04;07;11AM;15;43;;6324690.088;4218323.791;No;CS2;SPS;139.699;132.049;CS2;Graviton;629
10000010011;2022;04;07;11AM;15;43;;2022;04;07;11AM;15;43;;5153694.609;426946.623;No;CS2;SPS;14.192;100.828;CS2;Electron-neutrino;528
10000010100;2022;04;07;11AM;15;43;;2022;04;07;11AM;15;43;;8394414.028;2006676.351;Yes;CS1;SPS;135.954;122.849;CP1;Graviton;968
10000010100;2022;04;07;11AM;15;43;;2022;04;07;11AM;15;43;;7168460.346;1631496.495;No;CL3;SPS;102.726;289.59;CL2;Pentaquark;341
10000010100;2022;04;07;11AM;15;43;;2022;04;07;11AM;15;43;;3599441.473;1547263.934;Yes;CS1;SPS;83.445;169.835;CL2;Muon-neutrino;847
10000010100;2022;04;07;11AM;15;43;;2022;04;07;11AM;15;43;;1929910.79;6653495.088;Yes;CL5;SPS;188.5;318.461;CS1;Lepton;150
10000010101;2022;04;07;11AM;15;43;;2022;04;07;11AM;15;43;;7865463.611;3864905.035;No;CP1;SPS;116.405;270.167;CS1;Gluon;940
10000010101;2022;04;07;11AM;15;43;;2022;04;07;11AM;15;43;;2675125.217;5497001.495;No;CS2;SPS;163.032;227.607;CP1;Gluon;392
10000010101;2022;04;07;11AM;15;43;;2022;04;07;11AM;15;43;;8585181.563;4332689.113;No;CS2;SPS;93.532;111.675;CS2;Quarkonium;205
10000010101;2022;04;07;11AM;15;43;;2022;04;07;11AM;15;43;;7042365.73;6107465.877;No;CL2;PS;168.18;167.465;CL1;Pentaquark;150
10000010110;2022;04;07;11AM;15;43;;2022;04;07;11AM;15;43;;5098254.024;1124711.113;Yes;CS1;PS;40.565;210.102;CL1;Electron-neutrino;797
10000010110;2022;04;07;11AM;15;43;;2022;04;07;11AM;15;43;;8657910.745;8479319.381;No;CP1;SPS;172.026;165.685;CS2;Quarkonium;798
10000010110;2022;04;07;11AM;15;43;;2022;04;07;11AM;15;43;;8181807.346;6524644.548;Yes;CL5;LHC;92.397;282.37;CL1;Preons;789
10000010110;2022;04;07;11AM;15;43;;2022;04;07;11AM;15;43;;4657697.672;4738164.443;No;CS1;SPS;71.095;191.309;CS2;Gluon;708
10000010111;2022;04;07;11AM;15;43;;2022;04;07;11AM;15;43;;811086.528;5535241.258;Yes;CL3;SPS;102.707;210.312;CS2;Baryon;753
10000010111;2022;04;07;11AM;15;43;;2022;04;07;11AM;15;43;;2946363.289;8422658.659;No;CP1;LHC;24.44;312.0;CL1;Antihydrogon;794
10000010111;2022;04;07;11AM;15;43;;2022;04;07;11AM;15;43;;3285256.754;6493089.699;Yes;CL1;PS;44.541;87.501;CS1;Photon;861
10000010111;2022;04;07;11AM;15;43;;2022;04;07;11AM;15;43;;6452911.527;2695494.783;Yes;CL3;SPS;144.338;231.35;CS1;Graviton;423
10000011000;2022;04;07;11AM;15;43;;2022;04;07;11AM;15;43;;3026439.761;4549636.174;No;CL5;LHC;78.281;90.526;CL1;Gluon;733
10000011000;2022;04;07;11AM;15;43;;2022;04;07;11AM;15;43;;2272747.939;99583.412;Yes;CS2;LHC;84.296;288.927;CS1;Diquark;811
10000011000;2022;04;07;11AM;15;43;;2022;04;07;11AM;15;43;;2740561.607;6852329.451;No;CL5;PS;30.236;86.23;CS1;W-Boson;667
10000011000;2022;04;07;11AM;15;43;;2022;04;07;11AM;15;43;;472336.334;5260219.238;No;CL3;PS;172.581;103.078;CS1;Electron-neutrino;515
10000011001;2022;04;07;11AM;15;43;;2022;04;07;11AM;15;43;;1104740.058;3483252.205;No;CP1;LHC;165.26;205.393;CL1;Graviton;262
10000011001;2022;04;07;11AM;15;43;;2022;04;07;11AM;15;43;;5721978.808;2935901.823;No;CL5;SPS;83.046;138.389;CS2;Meson;850
10000011001;2022;04;07;11AM;15;43;;2022;04;07;11AM;15;43;;4767367.299;4817960.686;No;CL5;PS;70.821;213.668;CL1;Lepton;100
10000011001;2022;04;07;11AM;15;43;;2022;04;07;11AM;15;43;;7390949.179;4890658.791;No;CL3;LHC;187.063;262.673;CS2;Quarkonium;881
10000011010;2022;04;07;11AM;15;43;;2022;04;07;11AM;15;43;;1475925.714;4760244.438;Yes;CL5;SPS;17.141;182.049;CS2;Tau-neutrino;669
10000011010;2022;04;07;11AM;15;43;;2022;04;07;11AM;15;43;;8264144.657;8635075.092;Yes;CP1;PS;37.179;208.301;CS2;Quarkonium;925
10000011010;2022;04;07;11AM;15;43;;2022;04;07;11AM;15;43;;2149061.166;2653027.75;No;CS2;LHC;171.555;253.445;CL1;Photon;876
10000011010;2022;04;07;11AM;15;43;;2022;04;07;11AM;15;43;;4671182.077;623258.596;No;CS2;LHC;57.025;224.194;CL2;Baryon;589
10000011011;2022;04;07;11AM;15;43;;2022;04;07;11AM;15;43;;7316750.009;6934828.582;No;CS1;PS;36.83;108.511;CP1;Preons;287
10000011011;2022;04;07;11AM;15;43;;2022;04;07;11AM;15;43;;6409632.062;3708171.443;No;CS2;LHC;3.945;185.164;CP1;Meson;733
10000011011;2022;04;07;11AM;15;43;;2022;04;07;11AM;15;43;;7131028.836;7972351.217;No;CP1;PS;70.248;103.56;CP1;Diquark;383
10000011011;2022;04;07;11AM;15;43;;2022;04;07;11AM;15;43;;7836208.159;2464374.074;No;CL1;SPS;82.678;231.55;CL1;Graviton;279
10000011100;2022;04;07;11AM;15;43;;2022;04;07;11AM;15;43;;3659875.654;2423234.2;No;CL1;PS;189.547;277.926;CL1;Electron-neutrino;563
10000011100;2022;04;07;11AM;15;43;;2022;04;07;11AM;15;43;;6354676.767;6378351.117;Yes;CL2;LHC;165.735;311.168;CS2;Tau-neutrino;534
10000011100;2022;04;07;11AM;15;43;;2022;04;07;11AM;15;43;;8570021.183;1392033.977;Yes;CS2;LHC;162.574;247.944;CS1;Lepton;487
10000011100;2022;04;07;11AM;15;43;;2022;04;07;11AM;15;43;;2645156.27;5764640.232;Yes;CP1;LHC;92.212;217.191;CL2;Tau-neutrino;407
10000011101;2022;04;07;11AM;15;43;;2022;04;07;11AM;15;43;;6621442.903;1708825.378;Yes;CL3;LHC;161.236;150.228;CP1;Z-Boson;514
10000011101;2022;04;07;11AM;15;43;;2022;04;07;11AM;15;43;;4589562.284;8709114.192;Yes;CL1;LHC;165.834;130.967;CL2;Gluon;394
10000011101;2022;04;07;11AM;15;43;;2022;04;07;11AM;15;43;;8291525.675;8293108.341;No;CP1;PS;38.731;259.96;CS1;Graviton;321
10000011101;2022;04;07;11AM;15;43;;2022;04;07;11AM;15;43;;7655261.05;1141929.99;No;CL1;LHC;36.01;143.402;CS2;Electron-neutrino;95
10000011110;2022;04;07;11AM;15;43;;2022;04;07;11AM;15;43;;4059864.538;7907409.986;No;CL2;LHC;81.376;149.062;CS2;Photon;65
10000011110;2022;04;07;11AM;15;43;;2022;04;07;11AM;15;43;;1950309.156;3740973.977;Yes;CS2;PS;25.376;154.516;CL2;Lepton;593
10000011110;2022;04;07;11AM;15;43;;2022;04;07;11AM;15;43;;5269122.918;5650904.043;Yes;CL2;SPS;141.435;235.612;CS2;Pentaquark;460
10000011110;2022;04;07;11AM;15;43;;2022;04;07;11AM;15;43;;6559024.729;962474.879;Yes;CL5;SPS;95.796;87.93;CP1;Z-Boson;576
10000011111;2022;04;07;11AM;15;43;;2022;04;07;11AM;15;43;;7600272.813;1287670.239;Yes;CP1;PS;126.903;178.64;CL1;W-Boson;41
10000011111;2022;04;07;11AM;15;43;;2022;04;07;11AM;15;43;;369589.438;5614098.869;No;CL3;PS;130.821;286.808;CS1;W-Boson;293
10000011111;2022;04;07;11AM;15;43;;2022;04;07;11AM;15;43;;4281491.5;419586.363;Yes;CS2;SPS;66.464;179.342;CS2;Electron-neutrino;586
10000011111;2022;04;07;11AM;15;43;;2022;04;07;11AM;15;43;;4702267.048;1023427.202;Yes;CL5;SPS;188.273;258.792;CS2;Meson;349
10000100000;2022;04;07;11AM;15;43;;2022;04;07;11AM;15;43;;3158800.635;5123231.918;No;CS1;SPS;126.442;215.357;CL2;Muon-neutrino;909
10000100000;2022;04;07;11AM;15;43;;2022;04;07;11AM;15;43;;1447266.951;7547058.636;Yes;CL3;SPS;93.494;222.524;CL1;Antihydrogon;126
10000100000;2022;04;07;11AM;15;43;;2022;04;07;11AM;15;43;;5903147.982;5568026.757;No;CS1;LHC;188.492;228.643;CL2;Z-Boson;212
10000100000;2022;04;07;11AM;15;43;;2022;04;07;11AM;15;43;;6597946.44;7401176.027;Yes;CL3;PS;52.876;172.508;CP1;Tau-neutrino;509
10000100001;2022;04;07;11AM;15;43;;2022;04;07;11AM;15;43;;3974997.216;447685.588;No;CS1;SPS;12.332;294.189;CL1;Graviton;704
10000100001;2022;04;07;11AM;15;43;;2022;04;07;11AM;15;43;;8615382.872;5633739.287;Yes;CP1;LHC;123.807;245.709;CS1;Gluon;212
10000100001;2022;04;07;11AM;15;43;;2022;04;07;11AM;15;43;;6889242.742;1969876.83;No;CL5;LHC;106.525;217.853;CL2;Gluon;194
10000100001;2022;04;07;11AM;15;43;;2022;04;07;11AM;15;43;;3520797.569;100609.215;No;CL1;SPS;198.862;191.277;CP1;Lepton;305
10000100010;2022;04;07;11AM;15;43;;2022;04;07;11AM;15;43;;5663455.262;4169914.948;No;CL3;SPS;179.592;221.744;CS2;Pentaquark;665
10000100010;2022;04;07;11AM;15;43;;2022;04;07;11AM;15;43;;7560070.754;7158712.148;No;CS1;PS;108.666;284.221;CL2;Z-Boson;966
10000100010;2022;04;07;11AM;15;43;;2022;04;07;11AM;15;43;;6332181.534;405529.312;Yes;CS2;SPS;78.267;201.141;CL2;Electron-neutrino;14
10000100010;2022;04;07;11AM;15;43;;2022;04;07;11AM;15;43;;1040873.628;45735.72;No;CS2;SPS;83.579;246.784;CL2;Graviton;468
10000100011;2022;04;07;11AM;15;43;;2022;04;07;11AM;15;43;;4582256.507;2881625.248;Yes;CL5;PS;78.434;128.184;CL2;Baryon;696
10000100011;2022;04;07;11AM;15;43;;2022;04;07;11AM;15;43;;3856572.416;643153.445;Yes;CS2;LHC;147.798;127.801;CL2;Lepton;905
10000100011;2022;04;07;11AM;15;43;;2022;04;07;11AM;15;43;;142448.176;2907745.836;No;CP1;SPS;19.097;273.613;CS2;Pentaquark;390
10000100011;2022;04;07;11AM;15;43;;2022;04;07;11AM;15;43;;8070274.408;4628020.389;No;CP1;LHC;29.558;267.37;CL1;Photon;371
10000100100;2022;04;07;11AM;15;43;;2022;04;07;11AM;15;43;;8173557.496;7548211.076;No;CL2;SPS;186.932;237.642;CL1;Preons;526
10000100100;2022;04;07;11AM;15;43;;2022;04;07;11AM;15;43;;2061242.698;2844284.539;Yes;CL5;PS;36.705;214.279;CS2;Preons;771
10000100100;2022;04;07;11AM;15;43;;2022;04;07;11AM;15;43;;8223599.43;102996.829;Yes;CS1;PS;25.987;272.994;CL2;Quarkonium;424
10000100100;2022;04;07;11AM;15;43;;2022;04;07;11AM;15;43;;5369522.6;7501833.58;No;CS2;PS;92.969;142.953;CL2;Muon-neutrino;299
10000100101;2022;04;07;11AM;15;43;;2022;04;07;11AM;15;43;;4421967.39;1982637.24;No;CL5;LHC;179.999;273.623;CS1;Electron-neutrino;276
10000100101;2022;04;07;11AM;15;43;;2022;04;07;11AM;15;43;;2909664.021;4391412.184;No;CL1;PS;159.75;151.355;CL2;Tau-neutrino;289
10000100101;2022;04;07;11AM;15;43;;2022;04;07;11AM;15;43;;3717787.9;5236392.692;Yes;CP1;SPS;22.983;161.464;CS2;Photon;21
10000100101;2022;04;07;11AM;15;43;;2022;04;07;11AM;15;43;;2176040.407;3688671.812;No;CL5;LHC;35.93;165.709;CP1;Baryon;784
10000100110;2022;04;07;11AM;15;43;;2022;04;07;11AM;15;43;;7074399.949;7694238.624;Yes;CL5;LHC;94.454;240.493;CS1;Preons;512
10000100110;2022;04;07;11AM;15;43;;2022;04;07;11AM;15;43;;7939319.681;489221.492;No;CS1;SPS;131.458;237.491;CL1;Photon;517
10000100110;2022;04;07;11AM;15;43;;2022;04;07;11AM;15;43;;2798996.236;4149651.26;Yes;CS2;SPS;180.519;274.909;CS1;Meson;174
10000100110;2022;04;07;11AM;15;43;;2022;04;07;11AM;15;43;;6982362.9;8552216.32;Yes;CL2;SPS;158.539;317.404;CL2;Meson;909
10000100111;2022;04;07;11AM;15;43;;2022;04;07;11AM;15;43;;7941681.759;2498955.131;No;CS1;PS;182.56;156.916;CS1;Graviton;40
10000100111;2022;04;07;11AM;15;43;;2022;04;07;11AM;15;43;;4263444.567;8105675.842;Yes;CL2;PS;16.666;296.386;CL2;Z-Boson;3
10000100111;2022;04;07;11AM;15;43;;2022;04;07;11AM;15;43;;1807164.144;7048730.057;Yes;CP1;LHC;183.588;290.293;CL2;Antihydrogon;94
10000100111;2022;04;07;11AM;15;43;;2022;04;07;11AM;15;43;;7260713.314;71123.245;No;CL5;SPS;47.716;246.823;CS1;Electron-neutrino;92
10000101000;2022;04;07;11AM;15;43;;2022;04;07;11AM;15;43;;5470316.056;3188952.754;Yes;CL3;PS;176.129;210.327;CL2;Gluon;285
10000101000;2022;04;07;11AM;15;43;;2022;04;07;11AM;15;43;;2089611.783;4485134.25;No;CS1;LHC;130.259;287.529;CP1;Diquark;829
10000101000;2022;04;07;11AM;15;43;;2022;04;07;11AM;15;43;;404688.261;6322214.29;No;CS1;SPS;1.147;221.931;CS1;Quarkonium;877
10000101000;2022;04;07;11AM;15;43;;2022;04;07;11AM;15;43;;1142839.987;6995334.075;Yes;CL3;LHC;48.133;238.272;CS1;Quarkonium;234
10000101001;2022;04;07;11AM;15;43;;2022;04;07;11AM;15;43;;5180249.311;5756280.588;Yes;CS1;LHC;157.918;233.855;CL2;Photon;254
10000101001;2022;04;07;11AM;15;43;;2022;04;07;11AM;15;43;;430429.392;8466845.684;No;CL2;LHC;11.086;207.068;CS2;Meson;427
10000101001;2022;04;07;11AM;15;43;;2022;04;07;11AM;15;43;;5259180.297;6045187.04;Yes;CS2;LHC;54.414;105.156;CS1;Baryon;741
10000101001;2022;04;07;11AM;15;43;;2022;04;07;11AM;15;43;;1117115.616;4179347.808;Yes;CS2;SPS;115.937;297.472;CL2;Baryon;675
10000101010;2022;04;07;11AM;15;43;;2022;04;07;11AM;15;43;;961988.897;5613996.879;Yes;CL1;PS;31.276;297.301;CL1;Antihydrogon;655
10000101010;2022;04;07;11AM;15;43;;2022;04;07;11AM;15;43;;3441298.72;3128503.751;No;CL3;LHC;102.832;232.683;CP1;Muon-neutrino;284
10000101010;2022;04;07;11AM;15;43;;2022;04;07;11AM;15;43;;165307.623;6216575.428;Yes;CL5;PS;40.583;214.277;CS1;Preons;551
10000101010;2022;04;07;11AM;15;43;;2022;04;07;11AM;15;43;;4001003.183;616016.287;No;CS1;PS;30.266;194.947;CS1;Gluon;360
10000101011;2022;04;07;11AM;15;43;;2022;04;07;11AM;15;43;;5379809.851;7762976.719;Yes;CS1;SPS;189.742;147.739;CS1;Diquark;161
10000101011;2022;04;07;11AM;15;43;;2022;04;07;11AM;15;43;;4360507.038;5333850.481;Yes;CL3;SPS;91.145;258.611;CS2;Meson;146
10000101011;2022;04;07;11AM;15;43;;2022;04;07;11AM;15;43;;6190368.926;7804370.548;Yes;CS1;LHC;184.563;138.527;CS1;Z-Boson;167
10000101011;2022;04;07;11AM;15;43;;2022;04;07;11AM;15;43;;1749472.709;1402284.137;No;CL5;LHC;160.268;154.87;CL1;Diquark;681
10000101100;2022;04;07;11AM;15;43;;2022;04;07;11AM;15;43;;5210320.137;63542.703;Yes;CS1;SPS;72.373;271.709;CL2;Diquark;103
10000101100;2022;04;07;11AM;15;43;;2022;04;07;11AM;15;43;;3233102.417;433395.269;No;CL3;LHC;17.13;96.301;CL2;Muon-neutrino;217
10000101100;2022;04;07;11AM;15;43;;2022;04;07;11AM;15;43;;7796474.802;323537.051;Yes;CL5;PS;179.522;193.095;CL2;Lepton;249
10000101100;2022;04;07;11AM;15;43;;2022;04;07;11AM;15;43;;151660.902;1010597.823;Yes;CL5;SPS;96.702;178.101;CS1;Z-Boson;989
10000101101;2022;04;07;11AM;15;43;;2022;04;07;11AM;15;43;;1767785.819;4947914.107;No;CL3;PS;113.674;271.253;CS2;Meson;796
10000101101;2022;04;07;11AM;15;43;;2022;04;07;11AM;15;43;;7489169.047;6574294.806;Yes;CP1;PS;149.463;200.152;CL2;Pentaquark;838
10000101101;2022;04;07;11AM;15;43;;2022;04;07;11AM;15;43;;1387693.888;6999177.537;Yes;CL1;SPS;68.23;314.933;CL1;Diquark;334
10000101101;2022;04;07;11AM;15;43;;2022;04;07;11AM;15;43;;2382634.837;564155.285;No;CL3;PS;126.306;299.675;CL2;Lepton;288
10000101110;2022;04;07;11AM;15;43;;2022;04;07;11AM;15;43;;6795626.697;8709427.432;Yes;CL1;LHC;194.937;295.115;CL1;Graviton;704
10000101110;2022;04;07;11AM;15;43;;2022;04;07;11AM;15;43;;8345419.356;314660.516;No;CL2;PS;194.123;95.905;CL2;W-Boson;401
10000101110;2022;04;07;11AM;15;43;;2022;04;07;11AM;15;43;;4766758.058;5393617.673;No;CL1;LHC;106.467;90.112;CS1;Muon-neutrino;198
10000101110;2022;04;07;11AM;15;43;;2022;04;07;11AM;15;43;;2284169.014;2424028.49;No;CL3;LHC;78.947;124.627;CL2;Quarkonium;73
10000101111;2022;04;07;11AM;15;43;;2022;04;07;11AM;15;43;;1406347.337;927643.272;Yes;CP1;PS;190.649;83.439;CL2;Photon;619
10000101111;2022;04;07;11AM;15;43;;2022;04;07;11AM;15;43;;2297029.693;8640666.319;No;CL5;PS;75.929;165.978;CL1;Graviton;894
10000101111;2022;04;07;11AM;15;43;;2022;04;07;11AM;15;43;;6223540.298;8166615.637;Yes;CL5;LHC;178.288;140.278;CS2;Gluon;486
10000101111;2022;04;07;11AM;15;43;;2022;04;07;11AM;15;43;;188973.601;3761345.708;Yes;CL2;PS;152.283;319.685;CS1;Muon-neutrino;37
10000110000;2022;04;07;11AM;15;43;;2022;04;07;11AM;15;43;;611344.548;4842044.867;Yes;CL3;SPS;170.062;237.948;CL1;W-Boson;547
10000110000;2022;04;07;11AM;15;43;;2022;04;07;11AM;15;43;;761346.583;7619424.004;Yes;CS1;LHC;182.445;285.162;CS1;Preons;19
10000110000;2022;04;07;11AM;15;43;;2022;04;07;11AM;15;43;;7937782.991;7813225.248;Yes;CL2;LHC;178.375;269.233;CS1;Diquark;747
10000110000;2022;04;07;11AM;15;43;;2022;04;07;11AM;15;43;;5238201.714;31452.856;No;CL3;PS;68.887;298.677;CL1;W-Boson;317
10000110001;2022;04;07;11AM;15;43;;2022;04;07;11AM;15;43;;2467175.914;21965.162;No;CL5;LHC;73.974;145.427;CS1;Z-Boson;286
10000110001;2022;04;07;11AM;15;43;;2022;04;07;11AM;15;43;;3855287.956;230915.651;No;CL2;PS;141.248;173.16;CS1;Photon;188
10000110001;2022;04;07;11AM;15;43;;2022;04;07;11AM;15;43;;7867906.138;2564732.983;Yes;CS1;LHC;79.158;142.558;CP1;Preons;92
10000110001;2022;04;07;11AM;15;43;;2022;04;07;11AM;15;43;;1249470.866;5719642.973;No;CP1;PS;29.667;270.887;CL2;Pentaquark;947
10000110010;2022;04;07;11AM;15;43;;2022;04;07;11AM;15;43;;94482.627;5895707.681;Yes;CL3;PS;47.102;307.494;CL1;Diquark;884
10000110010;2022;04;07;11AM;15;43;;2022;04;07;11AM;15;43;;5329316.359;2519685.377;No;CP1;SPS;114.454;96.187;CL2;Preons;515
10000110010;2022;04;07;11AM;15;43;;2022;04;07;11AM;15;43;;1640347.173;8066112.884;Yes;CS1;SPS;13.126;95.027;CL2;W-Boson;333
10000110010;2022;04;07;11AM;15;43;;2022;04;07;11AM;15;43;;1072053.205;8386367.509;Yes;CL3;LHC;40.051;263.712;CL1;Quarkonium;366
10000110011;2022;04;07;11AM;15;43;;2022;04;07;11AM;15;43;;1569722.181;6167568.751;No;CL1;PS;105.745;319.059;CL1;Pentaquark;863
10000110011;2022;04;07;11AM;15;43;;2022;04;07;11AM;15;43;;522972.341;7770670.904;No;CL3;PS;20.924;126.189;CL2;Photon;682
10000110011;2022;04;07;11AM;15;43;;2022;04;07;11AM;15;43;;4372744.089;4263232.661;No;CL1;LHC;106.956;147.774;CS2;Quarkonium;305
10000110011;2022;04;07;11AM;15;43;;2022;04;07;11AM;15;43;;6924272.878;2515490.502;No;CL1;LHC;77.729;201.532;CS2;Diquark;893
10000110100;2022;04;07;11AM;15;43;;2022;04;07;11AM;15;43;;3664614.627;1703049.574;No;CP1;LHC;163.392;187.383;CL2;Pentaquark;131
10000110100;2022;04;07;11AM;15;43;;2022;04;07;11AM;15;43;;3518933.517;5349889.923;Yes;CL3;PS;186.097;258.331;CS2;Antihydrogon;468
10000110100;2022;04;07;11AM;15;43;;2022;04;07;11AM;15;43;;4767877.892;8040163.876;No;CS2;LHC;152.502;256.946;CL2;Tau-neutrino;871
10000110100;2022;04;07;11AM;15;43;;2022;04;07;11AM;15;43;;3633718.927;3447905.312;No;CS1;PS;195.957;102.137;CL1;Electron-neutrino;868
10000110101;2022;04;07;11AM;15;43;;2022;04;07;11AM;15;43;;4645423.569;7095549.282;No;CL2;SPS;58.151;150.182;CP1;Diquark;333
10000110101;2022;04;07;11AM;15;43;;2022;04;07;11AM;15;43;;4804060.318;3922771.939;Yes;CP1;LHC;74.133;217.808;CL1;Diquark;478
10000110101;2022;04;07;11AM;15;43;;2022;04;07;11AM;15;43;;2035028.883;1633263.202;No;CP1;LHC;99.532;126.194;CL2;Antihydrogon;703
10000110101;2022;04;07;11AM;15;43;;2022;04;07;11AM;15;43;;6516557.495;1538832.128;Yes;CL2;PS;48.309;206.685;CL2;Meson;727
10000110110;2022;04;07;11AM;15;43;;2022;04;07;11AM;15;43;;878522.665;5180683.827;Yes;CS1;LHC;152.047;229.343;CP1;Gluon;22
10000110110;2022;04;07;11AM;15;43;;2022;04;07;11AM;15;43;;2480397.525;1994537.532;Yes;CL2;LHC;97.403;83.061;CL2;Lepton;340
10000110110;2022;04;07;11AM;15;43;;2022;04;07;11AM;15;43;;464546.616;1327077.649;Yes;CL1;PS;82.487;165.182;CL2;Meson;483
10000110110;2022;04;07;11AM;15;43;;2022;04;07;11AM;15;43;;3589229.173;5457253.618;Yes;CL2;SPS;143.527;243.637;CS2;Preons;803
10000110111;2022;04;07;11AM;15;43;;2022;04;07;11AM;15;43;;5328081.605;6568220.592;Yes;CP1;SPS;39.927;143.3;CS2;Gluon;226
10000110111;2022;04;07;11AM;15;43;;2022;04;07;11AM;15;43;;5492496.016;2319956.467;No;CL1;PS;7.721;87.318;CS2;Gluon;559
10000110111;2022;04;07;11AM;15;43;;2022;04;07;11AM;15;43;;2908622.339;6740288.5;Yes;CS2;LHC;71.917;213.573;CP1;Lepton;55
10000110111;2022;04;07;11AM;15;43;;2022;04;07;11AM;15;43;;5721977.216;3302802.247;Yes;CS2;SPS;102.312;195.377;CP1;W-Boson;957
10000111000;2022;04;07;11AM;15;43;;2022;04;07;11AM;15;43;;3650959.879;8658285.979;No;CL1;LHC;146.25;309.047;CP1;Lepton;43
10000111000;2022;04;07;11AM;15;43;;2022;04;07;11AM;15;43;;5929109.887;4304043.001;Yes;CS1;SPS;40.854;304.847;CP1;Quarkonium;322
10000111000;2022;04;07;11AM;15;43;;2022;04;07;11AM;15;43;;1647284.297;1840289.248;Yes;CL3;LHC;159.233;290.484;CS2;Muon-neutrino;301
10000111000;2022;04;07;11AM;15;43;;2022;04;07;11AM;15;43;;5904836.303;1194064.447;Yes;CL1;SPS;28.655;179.611;CS2;W-Boson;890
10000111001;2022;04;07;11AM;15;43;;2022;04;07;11AM;15;43;;6061847.897;2398885.934;Yes;CS1;SPS;140.598;171.066;CP1;Tau-neutrino;733
10000111001;2022;04;07;11AM;15;43;;2022;04;07;11AM;15;43;;8522911.752;7964833.801;Yes;CS1;LHC;59.55;180.633;CP1;Quarkonium;113
10000111001;2022;04;07;11AM;15;43;;2022;04;07;11AM;15;43;;2755155.281;3063783.411;No;CL1;PS;32.567;310.144;CL1;W-Boson;807
10000111001;2022;04;07;11AM;15;43;;2022;04;07;11AM;15;43;;3717991.662;3964962.298;Yes;CL1;LHC;135.919;112.638;CS2;Quarkonium;409
10000111010;2022;04;07;11AM;15;43;;2022;04;07;11AM;15;43;;6418902.791;1197737.208;No;CS2;SPS;120.243;111.917;CS2;Z-Boson;17
10000111010;2022;04;07;11AM;15;43;;2022;04;07;11AM;15;43;;2112760.277;6522663.309;Yes;CL3;SPS;128.432;223.163;CL2;Meson;551
10000111010;2022;04;07;11AM;15;43;;2022;04;07;11AM;15;43;;6836044.882;7969973.138;Yes;CL1;SPS;40.492;236.508;CL2;Quarkonium;395
10000111010;2022;04;07;11AM;15;43;;2022;04;07;11AM;15;43;;1992255.691;3252595.099;No;CL5;SPS;58.89;220.29;CL1;Graviton;236
10000111011;2022;04;07;11AM;15;43;;2022;04;07;11AM;15;43;;2928938.636;3524693.717;Yes;CP1;SPS;46.431;123.06;CL2;Electron-neutrino;538
10000111011;2022;04;07;11AM;15;43;;2022;04;07;11AM;15;43;;6464898.693;8375973.395;Yes;CL1;SPS;117.581;254.431;CL2;Muon-neutrino;61
10000111011;2022;04;07;11AM;15;43;;2022;04;07;11AM;15;43;;8440233.246;7966255.656;No;CL2;SPS;2.042;306.021;CS2;Z-Boson;727
10000111011;2022;04;07;11AM;15;43;;2022;04;07;11AM;15;43;;894302.013;6890472.526;Yes;CL1;PS;193.319;168.783;CL2;Gluon;500
10000111100;2022;04;07;11AM;15;43;;2022;04;07;11AM;15;43;;6117388.849;6004067.354;Yes;CS2;SPS;61.448;281.944;CP1;Diquark;656
10000111100;2022;04;07;11AM;15;43;;2022;04;07;11AM;15;43;;7624168.617;4674502.24;Yes;CL2;PS;83.839;221.977;CL1;Preons;134
10000111100;2022;04;07;11AM;15;43;;2022;04;07;11AM;15;43;;2173491.922;6900734.354;Yes;CL5;PS;178.014;168.761;CL1;Quarkonium;702
10000111100;2022;04;07;11AM;15;43;;2022;04;07;11AM;15;43;;1759984.536;665677.825;No;CL1;LHC;135.795;173.716;CP1;Muon-neutrino;582
10000111101;2022;04;07;11AM;15;43;;2022;04;07;11AM;15;43;;3312931.963;2566797.491;Yes;CP1;LHC;63.547;185.294;CS2;Pentaquark;687
10000111101;2022;04;07;11AM;15;43;;2022;04;07;11AM;15;43;;7675036.074;1507984.311;Yes;CS2;SPS;94.178;260.882;CP1;Meson;609
10000111101;2022;04;07;11AM;15;43;;2022;04;07;11AM;15;43;;8347066.146;8583488.3;No;CL1;SPS;40.297;84.809;CL2;Baryon;719
10000111101;2022;04;07;11AM;15;43;;2022;04;07;11AM;15;43;;4836266.434;1453428.926;Yes;CP1;PS;156.118;164.228;CL2;W-Boson;949
10000111110;2022;04;07;11AM;15;43;;2022;04;07;11AM;15;43;;4797580.421;2567624.291;Yes;CS2;PS;71.771;199.527;CL1;Baryon;256
10000111110;2022;04;07;11AM;15;43;;2022;04;07;11AM;15;43;;4721931.862;3014556.668;Yes;CP1;PS;14.099;83.699;CP1;Pentaquark;16
10000111110;2022;04;07;11AM;15;43;;2022;04;07;11AM;15;43;;6648449.464;6289598.269;Yes;CP1;SPS;148.601;84.77;CS1;Graviton;306
10000111110;2022;04;07;11AM;15;43;;2022;04;07;11AM;15;43;;2850712.13;4989352.397;No;CL1;LHC;154.51;208.521;CL1;Lepton;457
10000111111;2022;04;07;11AM;15;43;;2022;04;07;11AM;15;43;;3423423.739;3259883.135;No;CL2;SPS;124.395;127.738;CP1;Gluon;76
10000111111;2022;04;07;11AM;15;43;;2022;04;07;11AM;15;43;;3748119.809;3065310.078;Yes;CS1;SPS;122.152;277.459;CS1;Lepton;802
10000111111;2022;04;07;11AM;15;43;;2022;04;07;11AM;15;43;;8490443.866;985258.4;No;CL2;PS;68.638;270.986;CP1;Tau-neutrino;349
10000111111;2022;04;07;11AM;15;43;;2022;04;07;11AM;15;43;;8212589.538;6003692.046;No;CL5;LHC;163.641;204.468;CL1;Tau-neutrino;979
10001000000;2022;04;07;11AM;15;43;;2022;04;07;11AM;15;43;;7916039.909;4748524.699;No;CS2;PS;179.28;245.632;CS2;Muon-neutrino;227
10001000000;2022;04;07;11AM;15;43;;2022;04;07;11AM;15;43;;5764485.466;4520904.759;No;CL2;SPS;30.503;281.295;CL2;Diquark;227
10001000000;2022;04;07;11AM;15;43;;2022;04;07;11AM;15;43;;1719597.682;3351235.389;No;CL1;LHC;160.344;240.173;CP1;Antihydrogon;480
10001000000;2022;04;07;11AM;15;43;;2022;04;07;11AM;15;43;;6360390.353;5615793.726;Yes;CL5;LHC;93.73;193.854;CS1;Lepton;298
10001000001;2022;04;07;11AM;15;43;;2022;04;07;11AM;15;43;;4932657.845;8784632.859;No;CL1;SPS;46.482;101.434;CL1;Antihydrogon;348
10001000001;2022;04;07;11AM;15;43;;2022;04;07;11AM;15;43;;78889.027;1096648.247;Yes;CS1;LHC;3.138;264.062;CP1;Electron-neutrino;80
10001000001;2022;04;07;11AM;15;43;;2022;04;07;11AM;15;43;;6464826.647;5064557.721;No;CL2;PS;46.238;237.234;CL1;Quarkonium;680
10001000001;2022;04;07;11AM;15;43;;2022;04;07;11AM;15;43;;7813238.232;790090.822;No;CL1;SPS;4.767;258.967;CL1;Z-Boson;643
10001000010;2022;04;07;11AM;15;43;;2022;04;07;11AM;15;43;;1937110.802;5269879.738;Yes;CP1;PS;69.315;302.169;CS1;Preons;955
10001000010;2022;04;07;11AM;15;43;;2022;04;07;11AM;15;43;;6976126.661;6912916.334;No;CL2;LHC;124.886;310.647;CL2;Antihydrogon;134
10001000010;2022;04;07;11AM;15;43;;2022;04;07;11AM;15;43;;4230336.2;8065334.898;Yes;CL1;PS;195.984;280.794;CP1;Gluon;89
10001000010;2022;04;07;11AM;15;43;;2022;04;07;11AM;15;43;;4557205.26;7380890.371;No;CL1;PS;106.235;101.001;CS1;Antihydrogon;857
10001000011;2022;04;07;11AM;15;43;;2022;04;07;11AM;15;43;;3961416.061;88031.009;No;CL5;PS;149.622;259.818;CP1;Antihydrogon;584
10001000011;2022;04;07;11AM;15;43;;2022;04;07;11AM;15;43;;1117122.788;8376314.953;Yes;CS1;LHC;90.049;234.91;CS2;W-Boson;228
10001000011;2022;04;07;11AM;15;43;;2022;04;07;11AM;15;43;;7717311.951;2248044.607;No;CS1;PS;53.32;141.209;CS1;Meson;672
10001000011;2022;04;07;11AM;15;43;;2022;04;07;11AM;15;43;;1129100.201;1282540.188;No;CS1;SPS;6.794;278.81;CL2;Diquark;528
10001000100;2022;04;07;11AM;15;43;;2022;04;07;11AM;15;43;;2713050.425;8457201.433;Yes;CP1;SPS;173.109;267.155;CL1;Electron-neutrino;414
10001000100;2022;04;07;11AM;15;43;;2022;04;07;11AM;15;43;;4252957.682;5685239.128;No;CL5;PS;84.731;291.908;CL1;Pentaquark;919
10001000100;2022;04;07;11AM;15;43;;2022;04;07;11AM;15;43;;2432804.821;8057709.162;Yes;CL3;SPS;4.654;115.298;CP1;Diquark;989
10001000100;2022;04;07;11AM;15;43;;2022;04;07;11AM;15;43;;3055770.431;3886315.118;Yes;CL3;PS;102.786;253.255;CP1;Baryon;681
10001000101;2022;04;07;11AM;15;43;;2022;04;07;11AM;15;43;;4658818.518;8722910.156;No;CL2;SPS;152.316;220.087;CL2;Z-Boson;707
10001000101;2022;04;07;11AM;15;43;;2022;04;07;11AM;15;43;;8288996.222;2810246.426;No;CL3;PS;82.538;81.368;CS1;Lepton;621
10001000101;2022;04;07;11AM;15;43;;2022;04;07;11AM;15;43;;8324914.859;4810522.596;Yes;CL3;SPS;144.68;141.539;CS2;Electron-neutrino;12
10001000101;2022;04;07;11AM;15;43;;2022;04;07;11AM;15;43;;2747836.102;1706041.852;No;CS1;SPS;42.828;274.699;CP1;Preons;657
10001000110;2022;04;07;11AM;15;43;;2022;04;07;11AM;15;43;;8742934.159;3347178.122;No;CL5;SPS;33.989;132.806;CS1;Graviton;280
10001000110;2022;04;07;11AM;15;43;;2022;04;07;11AM;15;43;;3742814.352;3887596.645;Yes;CL3;LHC;42.532;220.859;CL2;Baryon;572
10001000110;2022;04;07;11AM;15;43;;2022;04;07;11AM;15;43;;4919471.036;2849453.424;Yes;CS1;PS;40.456;304.25;CP1;W-Boson;694
10001000110;2022;04;07;11AM;15;43;;2022;04;07;11AM;15;43;;8694292.091;1112020.877;Yes;CL3;LHC;158.428;246.89;CS2;Lepton;409
10001000111;2022;04;07;11AM;15;43;;2022;04;07;11AM;15;43;;1176206.438;7192544.359;No;CL1;SPS;143.39;179.234;CS1;Diquark;468
10001000111;2022;04;07;11AM;15;43;;2022;04;07;11AM;15;43;;262132.423;4422049.146;Yes;CL5;LHC;109.75;121.718;CL1;Preons;486
10001000111;2022;04;07;11AM;15;43;;2022;04;07;11AM;15;43;;1400277.322;8266331.478;Yes;CL5;SPS;57.486;157.491;CL2;W-Boson;633
10001000111;2022;04;07;11AM;15;43;;2022;04;07;11AM;15;43;;5391680.308;8600020.848;Yes;CL2;PS;145.638;119.216;CP1;W-Boson;85
10001001000;2022;04;07;11AM;15;43;;2022;04;07;11AM;15;43;;6733655.296;5977414.372;No;CL5;LHC;186.114;271.421;CP1;Electron-neutrino;878
10001001000;2022;04;07;11AM;15;43;;2022;04;07;11AM;15;43;;8003645.964;464458.78;No;CL5;PS;147.509;257.619;CL2;Muon-neutrino;549
10001001000;2022;04;07;11AM;15;43;;2022;04;07;11AM;15;43;;4483163.016;6377357.094;Yes;CL5;LHC;10.993;142.437;CS1;Gluon;422
10001001000;2022;04;07;11AM;15;43;;2022;04;07;11AM;15;43;;2515736.113;8294527.187;No;CL3;SPS;168.613;204.966;CS1;Graviton;161
10001001001;2022;04;07;11AM;15;43;;2022;04;07;11AM;15;43;;3163898.776;5208223.028;No;CP1;PS;24.622;127.217;CL2;Gluon;857
10001001001;2022;04;07;11AM;15;43;;2022;04;07;11AM;15;43;;2268148.419;1729573.05;No;CL3;PS;104.144;208.405;CL1;Lepton;765
10001001001;2022;04;07;11AM;15;43;;2022;04;07;11AM;15;43;;6617107.069;2048137.998;No;CL1;PS;157.477;199.241;CL2;Gluon;341
10001001001;2022;04;07;11AM;15;43;;2022;04;07;11AM;15;43;;762865.025;687086.779;No;CL2;PS;78.583;320.013;CL1;Meson;351
10001001010;2022;04;07;11AM;15;43;;2022;04;07;11AM;15;43;;5111129.335;8287940.063;Yes;CL3;SPS;20.312;186.774;CL2;Diquark;924
10001001010;2022;04;07;11AM;15;43;;2022;04;07;11AM;15;43;;8572119.4;2927934.884;Yes;CL2;SPS;5.21;87.123;CL2;Diquark;384
10001001010;2022;04;07;11AM;15;43;;2022;04;07;11AM;15;43;;6590664.561;1877471.619;Yes;CL1;LHC;23.844;258.435;CL2;Pentaquark;464
10001001010;2022;04;07;11AM;15;43;;2022;04;07;11AM;15;43;;4435219.071;6716345.37;Yes;CS2;LHC;110.127;272.458;CL2;Electron-neutrino;263
10001001011;2022;04;07;11AM;15;43;;2022;04;07;11AM;15;43;;2669078.749;8487715.071;No;CP1;PS;36.552;207.452;CS1;Quarkonium;322
10001001011;2022;04;07;11AM;15;43;;2022;04;07;11AM;15;43;;3622411.455;7409286.335;Yes;CL1;PS;194.656;97.774;CS2;W-Boson;317
10001001011;2022;04;07;11AM;15;43;;2022;04;07;11AM;15;43;;5492250.635;3781028.637;No;CL1;LHC;88.94;90.675;CL2;Gluon;725
10001001011;2022;04;07;11AM;15;43;;2022;04;07;11AM;15;43;;5884363.152;3201684.509;No;CS1;LHC;153.542;147.055;CS2;Tau-neutrino;78
